Circuit,Weather Station,Wind Sustained,Gust Sustained,Thresholds (Sustained/ Gust),FPI Value,Reasons for De-Energization,month,days,year
ANTON,SCE Magic Mountain Truck Trail,35,53,31/46,13.88, Exceeded Threshold 99th Percentile Exceeded  FPI Value,Sept,5-11,2020
BOOTLEGGER,SCE Antelope Valley Fwy,16,41,31/46,13.98, Exceeded Threshold  FPI Value,Sept,5-11,2020
LOUCKS,SCE Antelope Valley Fwy,16,37,31/46,14.77, Exceeded Threshold  FPI Value,Sept,5-11,2020
RED BOX,Chilao (CHOC1),16,46,31/46,14.01, Exceeded Threshold  FPI Value,Sept,5-11,2020
SHOVEL,SCE Antelope Valley Fwy,16,37,31/46,14.84, Exceeded Threshold  FPI Value,Sept,5-11,2020
SAND CANYON,SCE Magic Mountain Truck Trail,35,53,31/46,99th Percentile Exceeded, Exceeded Threshold  FPI Value,Sept,5-11,2020
ENERGY,SCE Santa Susana Pass Rd,16.9,43.8,31/46,13.04,High Wind Trend Exceeded FPI,Nov,29,2020
SAND CANYON,SCE Magic Mtn Truck Trail,30.6,40.3,31/46,12.11,High Wind Trend Exceeded FPI,Nov,29,2020
DUKE,SCE Mount Davis,26.9,40.6,30/46,13.04,High Wind Trend Exceeded FPI,Nov,29,2020
GRAPEVINE PEAK,Grapevine CHP (AT714),9,15,31/46,12.08,High Wind Trend Exceeded FPI,Nov,29,2020
NAPOLEON,SCE Lamb Canyon Landfall,24.8,39.1,31/45,14.04,High Wind Trend Exceeded FPI,Nov,29,2020
FROZEN,Grapevine Peak (RAWS) GVPC1,26,35,31/46,12.03,High Wind Trend Exceeded FPI,Nov,29,2020
CUDDEBACK,SCE Cummings Valley,23,32.7,23/37,12.15,Exceeded Threshold Exceeded FPI,Nov,29,2020
METTLER,SCE Cummings Valley,23,32.7,23/37,12.15,Exceeded Threshold Exceeded FPI,Nov,29,2020
STEEL,SCE Badlands,24.5,42.2,30/43,13,Exceeded FPI,Nov,29,2020
ANTON,SCE Happy Camp Rd,23.5,40.1,31/46,14.03,High Wind Trend Exceeded FPI,Nov,29,2020
ZONE,SCE Long Canyon,22.6,38.4,31/46,13.01,High Wind Trend Exceeded FPI,Nov,29,2020
TANAGER,SCE Cummings Valley,24.3,34.3,31/44,12.18,High Wind Trend Exceeded FPI,Nov,29,2020
CONDOR,SCE Cummings Valley,26,37.6,31/46,14.1,High Wind Trend Exceeded FPI,Nov,29,2020
RAINBOW,SCE South Mountain,26.5,34.7,31/46,13.01,High Wind Trend Exceeded FPI,Nov,29,2020
BALCOM,SCE South Mountain,26.5,34.7,31/46,12.95,High Wind Trend Exceeded FPI,Nov,29,2020
CUDDEBACK,SCE Reeves St,19.2,31.6,23/37,12.15,High Wind Trend Exceeded FPI,Nov,29,2020
DYSART,SCE Old Banning Idyllwind Rd,25.6,47.8,31/46,12.16,Exceeded Threshold Exceeded FPI,Nov,29,2020
SADDLEBACK,SCE Old Banning Idyllwind Rd,25.6,47.8,31/46,12.07,Exceeded Threshold Exceeded FPI,Nov,29,2020
BONNEVILLE,SCE Ramona Expy,11.1,36,28/40,12,High Wind Trend Exceeded FPI,Nov,29,2020
EASTER,SCE Ramona/ Hwy79,23.5,37.9,29/41,12.97,High Wind Trend Exceeded FPI,Nov,29,2020
SAVORY,SCE Ramona/ Hwy79,23.5,37.9,29/42,13.97,High Wind Trend Exceeded FPI,Nov,29,2020
DARTMOUTH,SCE Soboba Rd,18.1,38.8,31/45,13.02,High Wind Trend Exceeded FPI,Nov,29,2020
METTLER,SCE Golden Hills Blvd,22.1,33.6,23/37,12.15,High Wind Trend Exceeded FPI,Nov,29,2020
GINGER,SCE Moreno Valley Fwy,20.3,32.2,28/40,12.02,High Wind Trend Exceeded FPI,Nov,29,2020
GNATCATCHER,SCE Cummings Valley,24.7,41.7,31/46,13.53,High Wind Trend Exceeded FPI,Nov,29,2020
ATENTO,SCE Baker Canyon,19.4,38.4,31/46,13.01,High Wind Trend Exceeded FPI,Nov,29,2020
LAUDA,SCE State St,22.9,38.7,31/45,13.02,High Wind Trend Exceeded FPI,Nov,29,2020
STEEL,SCE Ramona/ Hwy79,7.9,28.8,30/43,13,High Wind Trend Exceeded FPI,Nov,29,2020
GILMAN,SCE Massacre Canyon,7.9,28.8,31/45,13.02,High Wind Trend Exceeded FPI,Nov,29,2020
COBRA,SCE Solemint Mtwy,28.2,42,31/42,12.05,High Wind Trend Exceeded FPI,Nov,29,2020
BLUE CUT,SCE Cajon Pass,20.7,42.7,31/46,12,High Wind Trend Exceeded FPI,Nov,29,2020
RED BOX,CHILAO (CHOC1),38,49,31/46,13.02,Exceeded Threshold Exceeded FPI,Nov,29,2020
WOBEGONE,SCE Lakeview Ave E,25.1,37,28/40,12.02,High Wind Trend Exceeded FPI,Nov,29,2020
TAHQUITZ,SCE Apple Canyon,21.8,39.7,31/46,13.47,High Wind Trend Exceeded FPI,Nov,29,2020
RAINBOW,SCE Bixby Rd,21.9,40.4,31/46,13.01,High Wind Trend Exceeded FPI,Nov,29,2020
PURCHASE,Cabazon (RAWS) BAZC1,23,43,31/46,13.03,High Wind Trend Exceeded FPI,Nov,29,2020
TIMBER CANYON,SCE Toland Park,23.4,43.3,31/46,14.03,High Wind Trend Exceeded FPI,Nov,29,2020
PHEASANT,SCE Walling Dr,30.2,41.7,31/45,13.03,High Wind Trend Exceeded FPI,Nov,29,2020
SOGGY,SCE Ramona Expy,28.2,42.8,28/40,12.01,Exceeded Threshold Exceeded FPI,Nov,29,2020
HONEYCRISP,SCE San Timoteo Canyon,22.4,38.9,24/42,12.04,High Wind Trend Exceeded FPI,Nov,29,2020
GREAT SALT,SCE Lakeview Ave E,28.2,42.8,29/42,12.98,Exceeded Threshold Exceeded FPI,Nov,29,2020
ESTABAN,SCE Hondo Barranca Rd,20.5,50.9,31/45,13.97,Exceeded Threshold Exceeded FPI,Nov,29,2020
CASTRO,SCE Anlauf Canyon,24.8,41.6,30/46,13.04,High Wind Trend Exceeded FPI,Nov,29,2020
BONNEVILLE,SCE West Contour Rd,19.1,37.9,28/40,12,High Wind Trend Exceeded FPI,Nov,29,2020
NORTHPARK,SCE Devore Heights,12,43.1,31/46,12.9,High Wind Trend Exceeded FPI,Nov,29,2020
OLIVER,SCE Ramona Expy,14.8,41,29/42,12.99,High Wind Trend Exceeded FPI,Nov,29,2020
CORSAIR,SCE Red Mountain Rd,20.7,39.6,30/42,14.53,High Wind Trend Exceeded FPI,Nov,29,2020
LOCKNER,SCE Orchard/2 Rd,13.6,44.1,31/45,13.02,High Wind Trend Exceeded FPI,Nov,29,2020
STAR ROCK,SCE Santa Ana River Bikeway,26.3,43.4,31/44,12,High Wind Trend Exceeded FPI,Nov,29,2020
OAK KNOLL,SCE Crab Flats,26.9,54.7,31/46,12.19,Exceeded Threshold Exceeded FPI,Nov,29,2020
LOPEZ,SCE Little Tujunga Canyon Rd,9.2,40.8,31/46,14.06,High Wind Trend Exceeded FPI,Nov,29,2020
FLAKE,SCE Moreno Valley Fwy,20.3,41.7,28/36,12,Exceeded Threshold Exceeded FPI,Nov,29,2020
CUTHBERT,SCE Ramirez Canyon,27.9,47.5,31/46,12,Exceeded Threshold Exceeded FPI,Nov,29,2020
SONOMA,SCE Joppe Ave,27.9,44.1,28/39,13,Exceeded Threshold Exceeded FPI,Nov,29,2020
TAIWAN,SCE Chapman Ave,23.9,43.2,31/46,12.98,High Wind Trend Exceeded FPI,Nov,29,2020
EASTER,SCE Cottonwood /2,21.6,39.4,29/41,12.97,High Wind Trend Exceeded FPI,Nov,29,2020
DAVENPORT,SCE Rattle Snake Rd,24.3,47.9,31/46,12.11,Exceeded Threshold Exceeded FPI,Nov,29,2020
DAVENPORT,SCE Letteau Canyon,26.4,43.4,31/46,12.11,High Wind Trend Exceeded FPI,Nov,29,2020
FINGAL,SCE Twin Pines,26.8,53.1,31/46,12.17,Exceeded Threshold Exceeded FPI,Nov,29,2020
ROUNDEL,SCE Elm Ave,26.7,41.1,31/44,14.04,High Wind Trend Exceeded FPI,Nov,29,2020
SHOVEL,SCE Antelope Valley Fwy,23.4,39.9,25/40,12.11,High Wind Trend Exceeded FPI,Nov,29,2020
STUBBY,SCE Millard Pass,26.5,46.4,31/46,13.03,Exceeded Threshold Exceeded FPI,Nov,29,2020
STUBBY,SCE Mias Canyon,25.9,41.9,31/46,13.03,High Wind Trend Exceeded FPI,Nov,29,2020
STORES,SCE Millard Pass,26.5,46.4,31/46,13.55,Exceeded Threshold Exceeded FPI,Nov,29,2020
GUITAR,SCE Tapo Canyon,28.2,46.3,31/46,13.09,Exceeded Threshold Exceeded FPI,Nov,29,2020
TAPO,SCE Tapo Canyon,28.2,46.3,31/46,13.03,Exceeded Threshold Exceeded FPI,Nov,29,2020
BING,SCE Elm Ave,24.3,44.4,31/45,14.04,High Wind Trend Exceeded FPI,Nov,29,2020
SCHMIDT,SCE Minnesota Ave,17.9,40,31/44,14.04,High Wind Trend Exceeded FPI,Nov,29,2020
PICK,SCE Red Rover Mine,18.8,47.4,31/46,12.09,Exceeded Threshold Exceeded FPI,Nov,29,2020
AMETHYST,SCE Deer Canyon,19.7,55.8,31/46,12.97,Exceeded Threshold Exceeded FPI,Nov,29,2020
CALSTATE,SCE Devil Canyon,41.6,59.7,31/46,12,Exceeded Threshold Exceeded FPI,Nov,29,2020
MODJESKA,SCE Dove Canyon,27,48.2,30/44,13,Exceeded Threshold Exceeded FPI,Nov,29,2020
VETERANS,SCE Pacoima Dam,13.1,44.9,31/46,14.01,High Wind Trend Exceeded FPI,Nov,29,2020
MIDDLE ROAD,SCE Santa Paula,20.6,40.9,26/42,12,High Wind Trend Exceeded FPI,Nov,29,2020
PYLE,SCE Toland Park,26.5,45.6,28/44,12,Exceeded Threshold Exceeded FPI,Nov,29,2020
ANGUS,SCE Toland Park,26.5,45.6,31/46,12.06,High Wind Trend Exceeded FPI,Nov,29,2020
ZONE,SCE Las Posas Hills 2,24.5,44.6,31/46,13.01,High Wind Trend Exceeded FPI,Nov,29,2020
NAPA,SCE Vector Sherman Rd,28.6,40.9,28/39,12,Exceeded Threshold Exceeded FPI,Nov,29,2020
ESTABAN,SCE El Rio,21.7,42.1,31/45,13.97,High Wind Trend Exceeded FPI,Nov,29,2020
PASCAL,SCE Pechanga Rd,21.8,44.9,31/44,12.99,Exceeded Threshold Exceeded FPI,Nov,29,2020
VIENTO,Hart Flat,23,41,31/46,13.1,High Wind Trend Exceeded FPI,Nov,29,2020
RUSTIC,SCE Trabuco Canyon,28.1,44.9,31/46,12.89,High Wind Trend Exceeded FPI,Nov,29,2020
ENERGY,SCE West Woolsey Canyon,20.3,48.1,31/46,13.04,Exceeded Threshold Exceeded FPI,Nov,29,2020
BIG ROCK,SCE West Woolsey Canyon,20.3,48.1,31/46,13,Exceeded Threshold Exceeded FPI,Nov,29,2020
LAZARO,SCE Anza Rd,26,43.1,28/40,12,Exceeded Threshold Exceeded FPI,Nov,29,2020
CHAWA,SCE Anza Rd,27,44.4,31/46,13.52,High Wind Trend Exceeded FPI,Nov,29,2020
IMPALA,SCE Sierra Ave,40.1,57.9,31/46,12.9,Exceeded Threshold Exceeded FPI,Nov,29,2020
RMV 1243,CAPC1 Bell Canyon RAWS,26,55,31/46,12,Exceeded Threshold Exceeded FPI,Nov,29,2020
BOOTLEGGER,SCE Acton Canyon,22.4,44.6,31/46,13.01,High Wind Trend Exceeded FPI,Nov,29,2020
LOPEZ,SCE Kagel Canyon,19.2,41.2,31/46,14.06,High Wind Trend Exceeded FPI,Nov,29,2020
SAND CANYON,SCE Soledad Canyon Rd,22.1,44.5,31/46,12.11,High Wind Trend Exceeded FPI,Nov,29,2020
JORDAN,SCE Highway 155,21.2,46.8,27/46,12.98,Exceeded Threshold Exceeded FPI,Nov,29,2020
ANGUS,SCE Hopper Mountain,12.4,45.7,31/46,12.06,High Wind Trend Exceeded FPI,Nov,29,2020
ZONE,SCE Somis,23.6,44.1,31/46,13.01,High Wind Trend Exceeded FPI,Nov,29,2020
CALSTATE,SCE Badger Canyon Rd,37.2,61.6,31/46,12,Exceeded Threshold Exceeded FPI,Nov,29,2020
VARGAS,SCE Sycamore Canyon Rd,23.5,48.3,31/46,12.86,Exceeded Threshold Exceeded FPI,Nov,29,2020
GILLIBRAND,SCE Valley View,15.8,41.5,31/46,12,High Wind Trend Exceeded FPI,Nov,29,2020
NAPOLEON,SCE Minnesota Ave,21.5,40.1,31/45,14.04,High Wind Trend Exceeded FPI,Nov,29,2020
DUKE,SCE Minnesota Ave,21.5,40.1,30/46,13.04,High Wind Trend Exceeded FPI,Nov,29,2020
MORELLO,SCE Minnesota Ave,21.5,40.1,31/45,13.05,High Wind Trend Exceeded FPI,Nov,29,2020
ANTON,SCE Moorpark,15.7,46.1,31/46,14.03,Exceeded Threshold Exceeded FPI,Nov,29,2020
GABBERT,SCE Moorpark,15.7,46.1,31/46,14,Exceeded Threshold Exceeded FPI,Nov,29,2020
COLLINS,SCE Moorpark,15.7,46.1,31/43,12.96,Exceeded Threshold Exceeded FPI,Nov,29,2020
ARROWHEAD/ DEVIL CANYON/ MOJAVE SIHPON/ SHANDIN,N/A,51.3,64.7,40/58,12.38,Exceeded Threshold Exceeded FPI,Nov,29,2020
TAPO,SCE Valley View,17.1,42.7,31/46,13.03,High Wind Trend Exceeded FPI,Nov,29,2020
LOUCKS,SCE LETTEAU MTWY,21.3,40,31/46,13.08,High Wind Trend Exceeded FPI,Nov,29,2020
ACOSTA,SCE Big Tree Cucamonga,32.2,57.1,31/46,13.95,Exceeded Threshold,Nov,29,2020
RANIER,SCE Minnesota Ave,21.9,41.1,31/45,13.05,High Wind Trend Exceeded FPI,Nov,29,2020
POWER,SCE Cajon Blvd,27.4,58.7,31/46,8.97,Exceeded Threshold,Nov,29,2020
DELUZ,SCE La Cruz Dr,27.1,42.5,27.44,10.98,High Wind Trend,Nov,29,2020
ARLENE,SCE SOLEMINT MTWY,39.7,51,31/46,12.09,Exceeded Threshold Exceeded FPI,Nov,29,2020
RACER,SCE Solemint Mtwy,38.2,49.4,31/46,12.09,Exceeded Threshold Exceeded FPI,Nov,29,2020
ZONE,SCE SOMIS,23.6,44.1,31/46,13.01,High Wind Trend Exceeded FPI,Nov,29,2020
VERA CRUZ,SCE Carbon Canyon,31.4,43.3,28./42,12,Exceeded Threshold Exceeded FPI,Nov,29,2020
TWIN LAKES,SCE COCHRAN ST,27.3,49.3,31/45,12.99,Exceeded Threshold Exceeded FPI,Nov,29,2020
BIG ROCK,SCE COCHRAN ST,26.2,37.4,31/46,13,High Wind Trend Exceeded FPI,Nov,29,2020
FINGAL,SCE Twin Pines,26.8,53.1,31/46,12.17,Exceeded Threshold Exceeded FPI,Nov,29,2020
GUNSITE,SCE Mias Canyon,28.3,42,31/46,13.14,High Wind Trend Exceeded FPI,Nov,29,2020
FINGAL,SCE Twin Pines,26.8,53.1,31/46,12.17,Exceeded Threshold Exceeded FPI,Nov,29,2020
GUNSITE,SCE Mias Canyon,28.3,42,31/46,13.14,High Wind Trend Exceeded FPI,Nov,29,2020
METTLER,SCE CUMMINGS VALLEY,27,40,23/37,12,Exceeded Threshold Exceeded FPI,Nov,14-18,2020
CUDDEBACK,SCE CUMMINGS VALLEY,27,40,23/37,12,Exceeded Threshold Exceeded FPI,Nov,14-18,2020
GRAPEVINE PEAK,GRAPEVINE PEAK (RAWS),32,40,31/46,12.07,Exceeded Threshold Exceeded FPI,Nov,14-18,2020
FROZEN,GRAPEVINE PEAK (RAWS),32,40,31/46,13.08,Exceeded Threshold Exceeded FPI,Nov,14-18,2020
TUFA,SCE BODIE STATE PARK,26,38,31/46,13.06,High Wind Trend Exceeded FPI,Nov,14-18,2020
CAIN RANCH,SCE RUSH CREEK,28.8,56.2,31/46,13.18,Exceeded Threshold Exceeded FPI,Nov,14-18,2020
SHOVEL,SCE SIERRA PALOMA,22.8,31.9,25/40,12.18,High Wind Trend Exceeded FPI,Nov,14-18,2020
SAND CANYON,SCE MAGIC MOUNTAIN TRUCK TRAIL,36,49,31/46,13.34,Exceeded Threshold Exceeded FPI,Nov,14-18,2020
BIRCHIM,SCE ROUND VALLEY,32.5,49.8,31/46,14.08,Exceeded Threshold Exceeded FPI,Nov,14-18,2020
BIRCHIM,SCE PINE CREEK,27.6,50.1,31/46,14.08,Exceeded Threshold Exceeded FPI,Nov,14-18,2020
REVERSE PEAK,SCE CRESTVIEW RADIO,16.1,48.2,31/46,12.47,Exceeded Threshold Exceeded FPI,Nov,14-18,2020
GNATCATCHER,SCE CUMMINGS VALLEY,26.11,35.3,31/46,12.75,High Wind Trend Exceeded FPI,Nov,24-28,2020
TANAGER,SCE CUMMINGS VALLEY,27.6,38.7,31/44,12,High Wind Trend Exceeded FPI,Nov,24-28,2020
CONDOR,SCE BEAR MOUNTAIN 2,27.2,41.9,31/46,12,High Wind Trend Exceeded FPI,Nov,24-28,2020
CONDOR,SCE CUMMINGS VALLEY,27.2,41.9,31/46,12,High Wind Trend Exceeded FPI,Nov,24-28,2020
ARLENE,SOLEMINT,33.79,53.63,31/46,12.07,High Wind Trend,Nov,24-28,2020
PICK,SCE RED ROVER MINE,21.3,43.6,31/46,12.11,High Wind Trend Exceeded FPI Value,Nov,24-28,2020
BOOTLEGGER,ACTON CANYON,25.17,41.94,31/46,13.01,High Wind Trend Exceeded FPI Value,Nov,24-28,2020
SHOVEL,LETTEAU CANYON,23.6,44,25/40,12.12,High Wind Trend Exceeded FPI Value,Nov,24-28,2020
SHOVEL,LETTEAU CANYON,21.77,44.5,25/40,12.12,High Wind Trend Exceeded FPI Value,Nov,24-28,2020
LOUCKS,LETTEAU CANYON,23.6,44,31/46,12.1,High Wind Trend Exceeded FPI Value,Nov,24-28,2020
DAVENPORT,SCE RATTLE SNAKE RD,23.61,43.99,31/46,12.11,High Wind Trend Exceeded FPI Value,Nov,24-28,2020
DAVENPORT,RATTLE SNAKE RD,16.84,43.04,31/46,12.11,High Wind Trend Exceeded FPI Value,Nov,24-28,2020
SAND CANYON,MAGIC MTN TRUCK TRAIL,25.39,45.23,31/46,13.1,High Wind Trend Exceeded FPI,Nov,24-28,2020
SAND CANYON,MAGIC MTN TRUCK TRAIL,37,52.8,31/46,13.1,High Wind Trend Exceeded FPI,Nov,24-28,2020
CAMP BALDY,SCE SAN ANTONIO CREEK RD,17.02,45.52,31/46,12.84,High Wind Trend Exceeded FPI Value,Nov,24-28,2020
FERRARA,SCE ICEHOUSE CANYON RD,170.02,45.52,31/46,12.93,High Wind Trend Exceeded FPI Value,Nov,24-28,2020
BIG ROCK,COCHRAN ST,33.67,48.08,31/46,12.1,High Wind Trend Exceeded FPI,Nov,24-28,2020
BIG ROCK,COCHRAN ST,29.8,43.3,31/46,12,High Wind Trend Exceeded FPI Value,Nov,24-28,2020
ENERGY,BROWNS CANYON,31.2,49.8,31/46,12.1,High Wind Trend Exceeded FPI Value,Nov,24-28,2020
ENERGY,WEST WOOSLEY,29.46,41.87,31/46,12.1,High Wind Trend Exceeded FPI Value,Nov,24-28,2020
GUITAR,SCE TAPO CANYON,21.18,34.27,31/46,12.07,High Wind Trend Exceeded FPI Value,Nov,24-28,2020
ATENTO,SCE Rancho Santa Margarita,19.1,41.57,31/46,12.93,High Wind Trend Exceeded FPI Value,Nov,24-28,2020
ATENTO,SCE Baker Canyon,23.99,42.89,31/46,12.93,High Wind Trend Exceeded FPI Value,Nov,24-28,2020
ATENTO,SCE Rancho Santa Margarita,19.1,41.57,31/46,12.93,High Wind Trend Exceeded FPI Value,Nov,24-28,2020
RUSTIC,SCE TRABUCO CANYON 2,26.72,37.85,31/46,12.86,High Wind Trend Exceeded FPI Value,Nov,24-28,2020
AMETHYST,DEER CANYON,25.7,57.5,31/46,12.51,High Wind Trend Exceeded FPI Value,Nov,24-28,2020
VARGAS,SCE SYCAMORE CANYON RD,15.22,39.24,31/46,12.92,High Wind Trend Exceeded FPI Value,Nov,24-28,2020
ICEHOUSE,SCE ICEHOUSE CANYON RD,17.02,45.52,31/46,12,High Wind Trend Exceeded FPI Value,Nov,24-28,2020
CALSTATE,SCE DEVIL CANYON,42.62,65.25,31/46,13.95,High Wind Trend Exceeded FPI Value,Nov,24-28,2020
BLUE CUT,SCE CAJON PASS,23.29,43.99,31/46,12,High Wind Trend Exceeded FPI Value,Nov,24-28,2020
IMPALA,LYTE CREEK WASH,25.7,36.83,31/46,12.95,High Wind Trend Exceeded FPI Value,Nov,24-28,2020
NORTHPARK,SCE Devore Heights,16.32,41.5,31/46,13.99,High Wind Trend Exceeded FPI Value,Nov,24-28,2020
NORTHPARK,SCE DEVORE HEIGHTS,16.32,41.5,31/46,13.92,High Wind Trend Exceeded FPI Value,Nov,24-28,2020
ACOSTA,SAN SEVAIN FLATS,29.56,61.16,31/46,13.92,High Wind Trend Exceeded FPI,Nov,24-28,2020
ARROWHEAD/ DEVIL CANYON/ MOJAVE SIPHON/,SCE DEVIL CANYON,25.7,36.83,40/50,13.96,High Wind Trend Exceeded FPI,Nov,24-28,2020
ANTON,HAPPY CAMP RD,32.84,48.37,31/46,12.05,High Wind Trend Exceeded FPI,Nov,24-28,2020
TAPO,TAPO CANYON,24.7,45.8,31/46,13.05,High Wind Trend Exceeded FPI,Nov,24-28,2020
TWIN LAKES,SCE COCHRAN ST,23.82,55.09,31/46,12,High Wind Trend Exceeded FPI,Nov,24-28,2020
ACOSTA,SCE Big Tree Cucamonga,36.1,64.52,31 / 46,12.56, Exceeded Threshold  1% Historical  High Wind Trend  Exceeded FPI Value,Oct,23-28,2020
ACOSTA,SCE Summit Ave,34.63,67.81,31 / 46,12.56, Exceeded Threshold  1% Historical  High Wind Trend  Exceeded FPI Value,Oct,23-28,2020
AMETHYST,SCE Deer Canyon,30.94,51,31 / 46,12.55, Exceeded Threshold  High Wind Trend  Exceeded FPI Value,Oct,23-28,2020
ANTON,SCE Happy Camp,34.54,56.85,31 / 46,12.51, Exceeded Threshold  1% Historical  High Wind Trend  Exceeded FPI Value,Oct,23-28,2020
ANTON,SCE Happy Camp,34.54,56.85,31 / 46,12.51, Exceeded Threshold  1% Historical  High Wind Trend  Exceeded FPI Value,Oct,23-28,2020
ATENTO,SCE Silverado Canyon,18.8,44,31 / 46,12.5, High Wind Trend  Exceeded FPI Value,Oct,23-28,2020
AVANTI,SCE W Little League Dr,40.55,73.65,31 / 46,12.56, Exceeded Threshold  1% Historical  High Wind Trend  Exceeded FPI Value,Oct,23-28,2020
BEAR VALLEY,SCE Kilkare Rd,8.94,29.88,18 / 29,13.24, Exceeded Threshold  High Wind Trend  Exceeded FPI Value,Oct,23-28,2020
BEAR VALLEY,SCE Big Falls 2,13.48,29,18 / 29,13.24, Met Threshold  High Wind Trend  Exceeded FPI Value,Oct,23-28,2020
BIG ROCK,SCE Cochran St,27,70,31 / 46,12.57, Exceeded Threshold  1% Historical  High Wind Trend  Exceeded FPI Value,Oct,23-28,2020
BLACKHILLS,SCE Thunder Ridge,30.7,46.2,31 / 46,14+, Exceeded Threshold  High Wind Trend  Exceeded FPI Value,Oct,23-28,2020
BLUE CUT,N/A,N/A,N/A,N/A,N/A, Source line lost,Oct,23-28,2020
BOOTLEGGER,SCE Palamino Dr,25.63,47.86,31 / 46,14.15, Exceeded Threshold  High Wind Trend  Exceeded FPI Value,Oct,23-28,2020
BOOTLEGGER,SCE,28.39,43.18,31 / 46,14.15, High Wind Trend,Oct,23-28,2020
CABANA,SCE Badger Canyon,46.5,63.64,31 / 46,12.57, Exceeded Threshold  1% Historical  High Wind Trend  Exceeded FPI Value,Oct,23-28,2020
CALSTATE,SCE Badger Canyon,38.32,65.74,31 / 46,12.57, Exceeded Threshold  1% Historical  High Wind Trend  Exceeded FPI Value,Oct,23-28,2020
CAMP ANGELUS,N/A,N/A,N/A,N/A,N/A, Source line lost,Oct,23-28,2020
CAMP BALDY,N/A,N/A,N/A,N/A,N/A, Source line lost,Oct,23-28,2020
CANEBRAKE,SCE Canebrake Creek,29.5,47.9,31 / 46,12.23, Exceeded Threshold  High Wind Trend  Exceeded FPI Value,Oct,23-28,2020
CLUB OAKS,SCE Arrowhead Springs Rd,37.77,59.7,31 / 46,12.52, Exceeded Threshold  High Wind Trend  Exceeded FPI Value,Oct,23-28,2020
COOLER,N/A,N/A,N/A,31 / 46,12.45, Observed Hazard,Oct,23-28,2020
DAVENPORT,SCE Rattle Snake Rd,23.78,49.47,31 / 46,12.57, Exceeded Threshold  High Wind Trend  Exceeded FPI Value,Oct,23-28,2020
DAVENPORT,SCE Country Breeze Ln,20.23,41.12,31 / 46,12.57, High Wind Trend  Exceeded FPI Value,Oct,23-28,2020
DE MILLE,N/A,N/A,N/A,N/A,N/A, Source line lost,Oct,23-28,2020
ECHO,SCE Arrowhead Springs Rd,20.42,45.89,31 / 46,12.52, Met Threshold  High Wind Trend  Exceeded FPI Value,Oct,23-28,2020
ENERGY,SCE Oat Mountain,35.63,54.51,31 / 46,12.54, Exceeded Threshold  High Wind Trend  Exceeded FPI Value,Oct,23-28,2020
ENERGY,SCE Browns Canyon,48.62,68.61,31 / 46,12.54, Exceeded Threshold  1% Historical  High Wind Trend  Exceeded FPI Value,Oct,23-28,2020
FERRARA,SCE San Antonio Canyon,15.15,48.44,31 / 46,14.3, Exceeded Threshold  High Wind Trend  Exceeded FPI Value,Oct,23-28,2020
GALENA,SCE Thunder Ridge,33,43,31 / 46,14, Exceeded Threshold  High Wind Trend  Exceeded FPI Value,Oct,23-28,2020
GOWAN,SCE Whitney Dr,30.2,48.4,31 / 46,12.57, Exceeded Threshold  High Wind Trend  Exceeded FPI Value,Oct,23-28,2020
GREEN RIVER,SCE Santa Ana River Bikeway,35.2,61.2,30.55 / 39.5,N/A, Exceeded Threshold  1% Historical  High Wind Trend,Oct,23-28,2020
GUITAR,SCE Tapo Canyon,32.11,44.21,31 / 46,12.51, Exceeded Threshold  High Wind Trend  Exceeded FPI Value,Oct,23-28,2020
HILLFIELD,SCE Solemint Mtwy,36.64,54.24,31 / 46,12.58, Exceeded Threshold  1% Historical  High Wind Trend  Exceeded FPI Value,Oct,23-28,2020
ICEHOUSE,N/A,N,A,N/A,N/A, Source line lost,Oct,23-28,2020
IMPALA,SCE Lytle Creek Wash,42.79,60.13,31 / 46,12.58, Exceeded Threshold  1% Historical  High Wind Trend  Exceeded FPI Value,Oct,23-28,2020
JEEP,SCE Amador Ln,26.98,40.92,27 / 43,12.26, Met Threshold  High Wind Trend  Exceeded FPI Value,Oct,23-28,2020
JENKS LAKE,N/A,N/A,N/A,N/A,N/A, Source line lost,Oct,23-28,2020
KICKAPOO TRAIL,SCE Little Morongo Rd,25.16,45.74,31 / 46,12.2, Met Threshold  High Wind Trend  Exceeded FPI Value,Oct,23-28,2020
KIMDALE,SCE Lake Mathews,33.27,45.16,31 / 45,12.56, Exceeded Threshold  1% Historical  High Wind Trend  Exceeded FPI Value,Oct,23-28,2020
LOPEZ,SCE Meyers Canyon,19.88,54.43,31 / 46,12.55, Exceeded Threshold  1% Historical  High Wind Trend  Exceeded FPI Value,Oct,23-28,2020
LOPEZ,SCE Kagel Canyon,20.41,41.87,31 / 46,12.55, Observed Hazard  Exceeded FPI Value,Oct,23-28,2020
LOUCKS,N/A,N/A,N/A,N/A,N/A, Source line lost,Oct,23-28,2020
RUSTIC,SCE Trabuco Canyon Rd 2,13.3,59.55,31 / 46,12.49, Exceeded Threshold  1% Historical  High Wind Trend  Exceeded FPI Value,Oct,23-28,2020
SAND CANYON,SCE Magic Mtn Truck Trail,64.87,96.2,31 / 46,12.58, Exceeded Threshold  1% Historical  High Wind Trend  Exceeded FPI Value,Oct,23-28,2020
SAND CANYON,SCE Magic Mtn Truck Trail,57.88,75.33,31 / 46,12.58, Exceeded Threshold  1% Historical  High Wind Trend  Exceeded FPI Value,Oct,23-28,2020
SHOVEL,SCE Letteau Canyon,28.93,52.46,25 / 40,12.56, Exceeded Threshold  High Wind Trend  Exceeded FPI Value,Oct,23-28,2020
SUTT,SCE Arrowhead Springs Rd,14,47.79,31 / 46,12.57, Exceeded Threshold  High Wind Trend  Exceeded FPI Value,Oct,23-28,2020
SUTT,SCE Arrowhead Springs Rd,35.97,59.99,31 / 46,12.57, Exceeded Threshold  High Wind Trend  Exceeded FPI Value,Oct,23-28,2020
SWEETWATER,SCE Kendell Drive,36.23,62.25,31 / 46,12.57, Exceeded Threshold  1% Historical  High Wind Trend  Exceeded FPI Value,Oct,23-28,2020
TAIWAN,SCE Santiago Canyon Rd,29.5,54.36,31 / 46,12.48, Exceeded Threshold  1% Historical  High Wind Trend  Exceeded FPI Value,Oct,23-28,2020
TAIWAN,SCE Chapman Avenue,32.18,61.74,31 / 46,12.48, Observed Hazard  Exceeded Threshold  1% Historical  High Wind Trend  Exceeded FPI Value,Oct,23-28,2020
TAPO,SCE Tapo Canyon,32,44,31 / 46,12.55, Exceeded Threshold  High Wind Trend  Exceeded FPI Value,Oct,23-28,2020
TWIN LAKES,SCE Cochran St,27.12,69.85,31 / 45,12.57, Exceeded Threshold  1% Historical  High Wind Trend  Exceeded FPI Value,Oct,23-28,2020
VARGAS,SCE Sycamore,21.16,66.49,31 / 46,12.53, Exceeded Threshold  1% Historical,Oct,23-28,2020
VERA CRUZ,SCE Carbon Canyon,33.6,52.4,28.04 / 42,N/A, Exceeded Threshold  1% Historical  High Wind Trend  Exceeded FPI Value,Oct,23-28,2020
VERDEMONT,SCE W Little League Dr,40.55,73.65,31 / 46,12.57, Exceeded Threshold  1% Historical  High Wind Trend  Exceeded FPI Value,Oct,23-28,2020
VIDEO,SCE Henninger Flats Rd,21.75,49.76,28 / 45,12.54, Exceeded Threshold  1% Historical  High Wind Trend  Exceeded FPI Value,Oct,23-28,2020
WEESHA,N/A,N/A,N/A,N/A,N/A, Source line lost,Oct,23-28,2020
SAND CANYON,SCE Magic Mountain Truck Trail,33.36,49.98,31/46,13,Exceeded Threshold Exceeded FPI,Dec,16-24,2020
NORTHPARK,SCE W Little League Dr,30.7,42.8,31/46,13,High Wind Trend Exceeded FPI,Dec,16-24,2020
ECHO,SCE Arrowhead Springs Rd,29.7,44.4,31/46,13,High Wind Trend Exceeded FPI,Dec,16-24,2020
SUTT,SCE Arrowhead Springs Rd,29.7,44.4,31/46,13,High Wind Trend Exceeded FPI,Dec,16-24,2020
CLUB OAKS,SCE Arrowhead Springs Rd,29.7,44.4,31/46,13,High Wind Trend Exceeded FPI,Dec,16-24,2020
ENERGY,SCE Browns Canyon,32,46.3,31/46,13,Exceeded Threshold Exceeded FPI,Dec,16-24,2020
ANTON,SCE Happy Camp Rd,30.3,47.4,31/46,12.9,Exceeded Threshold Exceeded FPI,Dec,16-24,2020
ENERGY,SCE Browns Canyon,32,46.3,31/46,13,Exceeded Threshold Exceeded FPI,Dec,16-24,2020
BIRCHIM,SCE Round Valley,31.5,51.7,31/46,12,Exceeded Threshold Exceeded FPI,Dec,16-24,2020
SAND CANYON,SCE Magic Mtn Truck Trail,30.3,39,31/46,13.9,High Wind Trend Exceeded FPI,Dec,16-24,2020
LOUCKS,SCE Letteau Mtwy,30,46.3,31/46,13.9,Downstream circuit fed by Shovel (source de/ energized),Dec,16-24,2020
SHOVEL,SCE Letteau Mtwy,30,46.3,31/46,13.8,Exceeded Threshold Exceeded FPI,Dec,16-24,2020
CALSTATE,SCE Devil Canyon,42.5,50.9,31/46,13.8,Exceeded Threshold Exceeded FPI,Dec,16-24,2020
ENERGY,SCE Oat Mountain,32.5,49.6,31/46,13.9,Exceeded Threshold Exceeded FPI,Dec,16-24,2020
DYSART,SCE Old Banning Idyllwind Rd,22.8,45.3,31/46,13.9,Downstream circuit fed by Saddleback (source de/ energized),Dec,16-24,2020
SADDLEBACK,SCE Old Banning Idyllwind Rd,22.8,45.3,31/46,13.9,High Wind Trend Exceeded FPI,Dec,16-24,2020
TAPO,SCE Tapo Canyon,27.4,38.9,31/46,13.9,High Wind Trend Exceeded FPI,Dec,16-24,2020
ENERGY,SCE Browns Canyon,30.9,51.2,31/46,13.9,Exceeded Threshold Exceeded FPI,Dec,16-24,2020
ANTON,SCE Happy Camp Rd,21.4,42.5,31/46,13.9,High Wind Trend Exceeded FPI,Dec,16-24,2020
BALCOM,SCE South Mountain,32.2,46.4,31/46,13.8,Exceeded Threshold Exceeded FPI,Dec,16-24,2020
RAINBOW,SCE South Mountain,32.2,46.4,31/46,13.8,Exceeded Threshold Exceeded FPI,Dec,16-24,2020
GNATCATCHER,SCE Cummings Valley,31.9,44.7,31/46,13.6,Exceeded Threshold Exceeded FPI,Dec,16-24,2020
CONDOR,SCE Cummings Valley,31.9,44.7,31/46,13.6,Exceeded Threshold Exceeded FPI,Dec,16-24,2020
ESTABAN,SCE Hondo Barranca Rd,20.3,49.9,31/45,13.8,Exceeded Threshold Exceeded FPI,Dec,16-24,2020
FROZEN,Grapevine Peak (RAWS) GVPC1,32,42,31/46,12,Exceeded Threshold Exceeded FPI,Dec,16-24,2020
TWIN LAKES,SCE Cochran St,42.6,58.7,31/45,13.9,Exceeded Threshold Exceeded FPI,Dec,16-24,2020
COBRA,SCE Solemint Mtwy,36,50.5,31/42,13.9,Exceeded Threshold Exceeded FPI,Dec,16-24,2020
JULIUS,SCE Solemint Mtwy,36,50.5,31/46,13.9,Exceeded Threshold Exceeded FPI,Dec,16-24,2020
MARCUS,SCE Solemint Mtwy,36,50.5,31/46,13.9,Exceeded Threshold Exceeded FPI,Dec,16-24,2020
ARLENE,SCE Solemint Mtwy,36,50.5,31/46,13.9,Exceeded Threshold Exceeded FPI,Dec,16-24,2020
HILLFIELD,SCE Solemint Mtwy,36,50.5,31/46,13.9,Exceeded Threshold Exceeded FPI,Dec,16-24,2020
RACER,SCE Solemint Mtwy,36,50.5,31/46,13.9,Exceeded Threshold Exceeded FPI,Dec,16-24,2020
BOOTLEGGER,SCE Acton Canyon,22.2,47.1,31/46,13.9,Exceeded Threshold Exceeded FPI,Dec,16-24,2020
BIG ROCK,SCE Cochran St,39.7,59.3,31/46,13.9,Exceeded Threshold Exceeded FPI,Dec,16-24,2020
SAND CANYON,SCE Mesa Grande Rd,25.5,48.1,31/46,13.9,Exceeded Threshold Exceeded FPI,Dec,16-24,2020
CABANA,SCE Jurupa Hills,34.4,49.5,31/46,12.8,Exceeded Threshold Exceeded FPI,Dec,16-24,2020
RICARDO,SCE Crimea Street Fire Rd,37.1,61.2,31/46,12,Exceeded Threshold Exceeded FPI,Dec,16-24,2020
GUITAR,SCE Tapo Canyon,27.3,48.7,31/46,13.7,Exceeded Threshold Exceeded FPI,Dec,16-24,2020
STEEL,SCE Badlands,24.3,46.9,30/43,12.9,Exceeded Threshold Exceeded FPI,Dec,16-24,2020
GRAPEVINE PEAK,Grapevine CHP (AT714),42,55,31/46,12,High Wind Trend Exceeded FPI,Dec,16-24,2020
NORTHPARK,SCE Meyers Canyon,26.1,46,31/46,13.9,Exceeded Threshold Exceeded FPI,Dec,16-24,2020
VARGAS,SCE Sycamore Canyon Rd,25.1,46.9,31/46,13.8,Exceeded Threshold Exceeded FPI,Dec,16-24,2020
DUKE,SCE Mount Davis,29.4,47.6,30/46,13.8,Exceeded Threshold Exceeded FPI,Dec,16-24,2020
NAPOLEON,SCE Lamb Canyon Landfall,29.4,41,31/45,13.8,High Wind Trend Exceeded FPI,Dec,16-24,2020
SWEETWATER,SCE Badger Canyon Rd,34.9,54.4,31/46,13.7,Exceeded Threshold Exceeded FPI,Dec,16-24,2020
VERA CRUZ,SCE Carbon Canyon,27.8,36.5,28/42,13.9,High Wind Trend Exceeded FPI,Dec,16-24,2020
PHEASANT,SCE Walling Dr,32.8,45.3,31/45,13.9,Exceeded Threshold Exceeded FPI,Dec,16-24,2020
RAINBOW,SCE Bixby Rd,21.2,45.7,31/46,13.9,High Wind Trend Exceeded FPI,Dec,16-24,2020
NORTHPARK,SCE W Little League Dr,27,48.2,31/46,13.9,Exceeded Threshold Exceeded FPI,Dec,16-24,2020
ATENTO,SCE Baker Canyon,30.5,46.3,31/46,13.9,Exceeded Threshold Exceeded FPI,Dec,16-24,2020
PETIT,SCE South Mountain,33.6,47.1,31/46,12,Exceeded Threshold Exceeded FPI,Dec,16-24,2020
FINGAL,SCE Twin Pines,28,46,31/46,12,Exceeded Threshold Exceeded FPI,Dec,16-24,2020
ESTABAN,SCE Hondo Barranca Rd,26,51.1,26/38,13.8,Exceeded Threshold Exceeded FPI,Dec,16-24,2020
CASTRO,SCE Anlauf Canyon,31.1,46,30/46,13.9,Exceeded Threshold Exceeded FPI,Dec,16-24,2020
HONEYCRISP,SCE San Timoteo Canyon,29.6,46.2,29/42,12.8,Exceeded Threshold Exceeded FPI,Dec,16-24,2020
Energy,SCE Browns Canyon,37,51,31/46,12.18, Exceeded Threshold 99th Percentile  High Wind Trend  Exceeded FPI Value,Oct,16,2020
ANTON,SCE Happy Camp Road,31,51,31/46,12.99, Exceeded Threshold 99th Percentile  High Wind Trend  Exceeded FPI Value,Oct,16,2020
TUFA,SCE Bodie State Park,27.51,37.7,31 / 46,12.27,High Wind Trend Exceeded FPI,Nov,3-7,2020
SKI HI,SCE Sundance Rd,26.7,41.1,31 / 46,12.53,High Wind Trend Exceeded FPI,Nov,3-7,2020
SKI HI,SCE Castle Rock Rd,21.5,40.4,31 / 46,12.53,High Wind Trend Exceeded FPI,Nov,3-7,2020
STROSNIDER,SCE Bridgeport Valley,33.9,51.5,31 / 46,12.53,Exceeded Threshold Exceeded FPI,Nov,3-7,2020
ROBINSON CREEK,SCE Twin Lakes Rd,39.3,57.0,31 / 46,11.25,Exceeded Threshold 1% Historical,Nov,3-7,2020
CAMPANULA,SCE Mesa Dr,30.7,40.3,31 / 46,12.52,Met Threshold Exceeded FPI,Nov,3-7,2020
CAMPANULA,SCE Mesa Dr,30.7,40.3,31 / 46,12.52,High Wind Trend Exceeded FPI,Nov,3-7,2020
SHOVEL,SCE Letteau Canyon,25.2,37.3,31/46,12.17,High Wind Trend Exceeded FPI,Dec,4-14,PSPS
METTLER,SCE Mias Canyon,25.1,37.5,31/46,13.14,High Wind Trend Exceeded FPI,Dec,4-14,PSPS
ZENDA,SCE Sand Canyon Rd,23.5,44.1,31/46,13.54,High Wind Trend Exceeded FPI,Dec,4-14,PSPS
LOUCKS,SCE Letteau Canyon,25.2,37.3,31/46,13.54,High Wind Trend Exceeded FPI,Dec,4-14,PSPS
CONDOR,SCE Bear Mountain 2,27.2,41.9,31/46,13.51,High Wind Trend Exceeded FPI,Dec,4-14,PSPS
DAVENPORT,SCE Rattle Snake Rd,17.5,42.2,31/46,14.54,High Wind Trend Exceeded FPI,Dec,4-14,PSPS
RANKIN,SCE Sand Canyon Rd,27.3,45,31/46,13.53,High Wind Trend Exceeded FPI,Dec,4-14,PSPS
RAINBOW,SCE South Mountain,28.1,46.6,31/46,12.95,Exceeded Threshold Exceeded FPI,Dec,4-14,PSPS
BALCOM,SCE South Mountain,28.1,46.6,31/46,12,Exceeded Threshold Exceeded FPI,Dec,4-14,PSPS
ENERGY,SCE Browns Canyon,29.9,43.3,31/46,12.99,High Wind Trend Exceeded FPI,Dec,4-14,PSPS
BIG ROCK,SCE Cochran St,29.8,43.3,31/46,12.94,High Wind Trend Exceeded FPI,Dec,4-14,PSPS
CASTRO,SCE Anlauf Canyon,28.7,41.1,30/46,12.99,High Wind Trend Exceeded FPI,Dec,4-14,PSPS
TWIN LAKES,SCE Cochran St,33.8,51.4,31/45,12.91,Exceeded Threshold Exceeded FPI,Dec,4-14,PSPS
DAVENPORT,SCE Letteau Canyon,28.1,45,31/46,14.54,High Wind Trend Exceeded FPI,Dec,4-14,PSPS
ANTON,SCE Happy Camp Rd,26.4,42.7,31/46,12.97,High Wind Trend Exceeded FPI,Dec,4-14,PSPS
ANTON,SCE Happy Camp Rd,26.4,42.7,31/46,12.97,High Wind Trend Exceeded FPI,Dec,4-14,PSPS
TANAGER,SCE Happy Camp Rd,27.8,46.8,30.67/44.07,12,Exceeded Threshold Exceeded FPI,Dec,4-14,PSPS
CONDOR,SCE Happy Camp Rd,26.1,35.3,31/46,13.51,Exceeded Threshold Exceeded FPI,Dec,4-14,PSPS
GNATCATCHER,SCE Cummings Valley,26.1,35.3,31/46,13.53,Exceeded Threshold Exceeded FPI,Dec,4-14,PSPS
SADDLEBACK,HIGHLAND SPRINGS RAW,31,46,31/46,12.11,Exceeded Threshold Exceeded FPI,Dec,4-14,PSPS
DYSART,HIGHLAND SPRINGS RAW,31,46,31/46,12.11,Exceeded Threshold Exceeded FPI,Dec,4-14,PSPS
FLYING D,SCE Over Pass,25.7,44.9,31/46,12.57,High Wind Trend Exceeded FPI,Dec,4-14,PSPS
FINGAL,SCE Twin Pines,23.8,42.6,31/46,12.09,High Wind Trend Exceeded FPI,Dec,4-14,PSPS
BENCH,SCE Pigsah Peak,26.5,40.7,29/42,12.99,High Wind Trend Exceeded FPI,Dec,4-14,PSPS
CANAL,SCE Chimney Flats,16.2,47.2,27/44,15.22,Exceeded Threshold Exceeded FPI,Dec,4-14,PSPS
PINE COVE,SCE Chimney Flats,16.2,47.2,27/44,13.39,Exceeded Threshold Exceeded FPI,Dec,4-14,PSPS
SAUNDERS,SCE Chimney Flats,16.2,47.2,27/44,14.4,Exceeded Threshold Exceeded FPI,Dec,4-14,PSPS
SAND CANYON,SCE Magic Mtn Truck Trail,26,50.9,31/46,12.98,Exceeded Threshold Exceeded FPI,Dec,4-14,PSPS
ANACONDA,SCE Golden Valley,23.8,42.2,31/42,13.47,Exceeded Threshold Exceeded FPI,Dec,4-14,PSPS
GLASSCOCK,SCE Barnes St,25.1,41.7,31/45,12.92,High Wind Trend Exceeded FPI,Dec,4-14,PSPS
PHEASANT,Banning (RAWS) BNJC1,25,43,31/45,14.43,High Wind Trend Exceeded FPI,Dec,4-14,PSPS
TIMBER CANYON,SCE Toland Park,22.4,43.7,31/46,12.96,High Wind Trend Exceeded FPI,Dec,4-14,PSPS
BOOTLEGGER,SCE Acton Canyon,24.5,45.1,31/46,12.44,High Wind Trend Exceeded FPI,Dec,4-14,PSPS
ZONE,SCE Somis,23.9,41.6,31/46,12.95,High Wind Trend Exceeded FPI,Dec,4-14,PSPS
COBRA,SCE Solemint Mtwy,32.1,45.5,31/42,13.47,Exceeded Threshold Exceeded FPI,Dec,4-14,PSPS
ESTABAN,SCE Hondo Barranca Rd,18.2,40.6,31/45,12.95,High Wind Trend Exceeded FPI,Dec,4-14,PSPS
CASTRO,SCE Bear Canyon,19.9,42.8,30/46,12.99,High Wind Trend Exceeded FPI,Dec,4-14,PSPS
HILLFIELD,SCE Solemint Mtwy,36.6,51.7,31/46,12,Exceeded Threshold Exceeded FPI,Dec,4-14,PSPS
ARLENE,SCE Solemint Mtwy,36.6,51.7,31/46,12,Exceeded Threshold Exceeded FPI,Dec,4-14,PSPS
RACER,SCE Solemint Mtwy,36.6,51.7,31/46,12,Exceeded Threshold Exceeded FPI,Dec,4-14,PSPS
TAPO,SCE Iron Trough Canyon,20.19,42.6,31/46,12.97,High Wind Trend Exceeded FPI,Dec,4-14,PSPS
MIDDLE ROAD,SCE Williams Canyon Rd,14.6,38.5,26/42,12.97,High Wind Trend Exceeded FPI,Dec,4-14,PSPS
DAVENPORT,SCE Vasquez Canyon Rd,17.5,42.2,31/46,14.54,High Wind Trend Exceeded FPI,Dec,4-14,PSPS
CLARINET,SCE Whitaker Ridge Rd,28.8,46.5,31/46,12,Exceeded Threshold Exceeded FPI,Dec,4-14,PSPS
GILLIBRAND,SCE Valley View,15.7,42.7,31/46,12.91,High Wind Trend Exceeded FPI,Dec,4-14,PSPS
STRATHERN,SCE Moorpark College,23.1,47.1,31/46,12.93,Exceeded Threshold Exceeded FPI,Dec,4-14,PSPS
DUKE,SCE Mount Davis,30.8,44.6,30/46,12,Exceeded Threshold Exceeded FPI,Dec,4-14,PSPS
BUCKHORN,SCE Lechler Mtwy,26.4,41.8,31/46,12,High Wind Trend Exceeded FPI,Dec,4-14,PSPS
CANEBRAKE,SCE Pacific Crest Trail,27,50.8,31/46,12,Exceeded Threshold Exceeded FPI,Dec,4-14,PSPS
HORSE MOUNTAIN,SCE Pacific Crest Trail,27,50.8,31/46,12,Exceeded Threshold Exceeded FPI,Dec,4-14,PSPS
TAHQUITZ,SCE Apple Canyon,31,46.5,31/46,14.41,Exceeded Threshold Exceeded FPI,Dec,4-14,PSPS
CORSAIR,SCE Red Mountain Rd,25,42.8,30/42,14.45,Exceeded Threshold Exceeded FPI,Dec,4-14,PSPS
EASTER,SCE Ramona/ Hwy79,23.4,42.7,29/41,12,Exceeded Threshold Exceeded FPI,Dec,4-14,PSPS
ENCHANTED,SCE Simi Valley Landfill,23.4,49.3,31/46,12.93,Exceeded Threshold Exceeded FPI,Dec,4-14,PSPS
VERA CRUZ,SCE Carbon Canyon,25,36.7,28.04/42,12.95,High Wind Trend Exceeded FPI,Dec,4-14,PSPS
REJADA,SCE Simi Valley Landfill,23.4,49.3,31/46,12.93,Exceeded Threshold Exceeded FPI,Dec,4-14,PSPS
STEEL,SCE Badlands,23.7,45.1,30/43,12.94,Exceeded Threshold Exceeded FPI,Dec,4-14,PSPS
SAVORY,SCE Ramona/ Hwy79,23.4,42.7,29/42,12.93,Exceeded Threshold Exceeded FPI,Dec,4-14,PSPS
PATRICIA,SCE Matilija Reservoir,23.9,45.1,31/46,12,High Wind Trend Exceeded FPI,Dec,4-14,PSPS
STEEL,SCE Ramona/ Hwy79,27.1,42.3,30/43,12.94,High Wind Trend Exceeded FPI,Dec,4-14,PSPS
ESTABAN,SCE El Rio,19.7,40.5,31/45,12.95,High Wind Trend Exceeded FPI,Dec,4-14,PSPS
FORTUNE,SCE State St,20.2,41.5,31/45,12.97,High Wind Trend Exceeded FPI,Dec,4-14,PSPS
LAUDA,SCE State St,20.2,41.5,31/45,12.97,High Wind Trend Exceeded FPI,Dec,4-14,PSPS
STEARNS,SCE Eve Rd,19.6,45.5,31/46,12.91,High Wind Trend Exceeded FPI,Dec,4-14,PSPS
Kuehner,SCE Eve Rd,19.6,45.5,31/46,12.91,High Wind Trend Exceeded FPI,Dec,4-14,PSPS
GILMAN,SCE Massacre Canyon,20.2,41.5,31/45,12.97,High Wind Trend Exceeded FPI,Dec,4-14,PSPS
NAPOLEON,SCE Lamb Canyon Landfall,28.9,45.2,31/45,12.98,Exceeded Threshold Exceeded FPI,Dec,4-14,PSPS
PARINA,SCE West Point,16.8,38.3,28/36,12,Exceeded Threshold Exceeded FPI,Dec,4-14,PSPS
FANO,SCE West Point,16.8,38.3,28/40,12.92,High Wind Trend Exceeded FPI,Dec,4-14,PSPS
PASCAL,SCE Anza Rd,29.9,40,31/44,12.81,High Wind Trend Exceeded FPI,Dec,4-14,PSPS
CHAWA,SCE Anza Rd,29.9,40,31/46,12,High Wind Trend Exceeded FPI,Dec,4-14,PSPS
LOPEZ,SCE Kagel Canyon,16.4,42.4,31/46,14.46,High Wind Trend Exceeded FPI,Dec,4-14,PSPS
DE MILLE,SCE East Trail,17.8,36.9,31/46,12.91,High Wind Trend Exceeded FPI,Dec,4-14,PSPS
SOGGY,SCE Lakeview Ave E,26.4,40.6,28/40,12,Exceeded Threshold Exceeded FPI,Dec,4-14,PSPS
VETERANS,SCE Pacoima Dam,16.5,45.7,31/46,14.4,High Wind Trend Exceeded FPI,Dec,4-14,PSPS
ENERGY,SCE West Woolsey Canyon,24.5,40.7,31/46,12.99,High Wind Trend Exceeded FPI,Dec,4-14,PSPS
THACHER,SCE Thacher Canyon,12.6,45.3,29/46,13.92,High Wind Trend Exceeded FPI,Dec,4-14,PSPS
THACHER,SCE Thacher Canyon,12.6,45.3,29/46,13.92,High Wind Trend Exceeded FPI,Dec,4-14,PSPS
SONOMA,SCE Freedom Rd,21,39.5,27.51/39.42,12.94,Exceeded Threshold Exceeded FPI,Dec,4-14,PSPS
SANTORINI,SCE Archibald Ave,17.5,42.6,31/42,12.88,Exceeded Threshold Exceeded FPI,Dec,4-14,PSPS
TAGGERT,SCE Crab Flats,34.6,49,31/46,12.32,Exceeded Threshold Exceeded FPI,Dec,4-14,PSPS
BIANCO,SCE Cucamonga Canyon,19.2,39.9,31/40,12.88,High Wind Trend Exceeded FPI,Dec,4-14,PSPS
TOWNSHIP,SCE Eve Rd,15.4,44.1,31/45,12,High Wind Trend Exceeded FPI,Dec,4-14,PSPS
OAK KNOLL,SCE Crab Flats,34.6,49,31/46,12.14,Exceeded Threshold Exceeded FPI,Dec,4-14,PSPS
RED BOX,CHILAO (CHOC1),31,52,31/46,13.42,Exceeded Threshold Exceeded FPI,Dec,4-14,PSPS
LOCKNER,SCE Orchard/2 Rd,19.4,45.2,31/45,12.97,Exceeded Threshold Exceeded FPI,Dec,4-14,PSPS
VARGAS,F0494 San Bernardino CSU SB,18,41,31/46,12.9,High Wind Trend Exceeded FPI,Dec,4-14,PSPS
ROS,SCE Joppe Ave,29.5,40.5,27/39,12,Exceeded Threshold Exceeded FPI,Dec,4-14,PSPS
DARTMOUTH,SCE Soboba Rd,24.6,41.4,31/45,14.44,High Wind Trend Exceeded FPI,Dec,4-14,PSPS
CASSIDY,SCE Guardian St Hills,26.2,49.9,31/46,12,Exceeded Threshold Exceeded FPI,Dec,4-14,PSPS
AMETHYST,SCE Deer Canyon,25.7,57.5,31/46,12.87,Exceeded Threshold Exceeded FPI,Dec,4-14,PSPS
ROUNDEL,SCE Elm Ave,29.5,44.1,31/44,12,Exceeded Threshold Exceeded FPI,Dec,4-14,PSPS
PATRICIA,SCE Foothill Rd,16.7,45.4,31/46,12,High Wind Trend Exceeded FPI,Dec,4-14,PSPS
SAVORY,SCE Cottonwood/2,19.2,40.5,29/42,12.93,High Wind Trend Exceeded FPI,Dec,4-14,PSPS
FINGAL,SCE Cabazon,28.8,39.2,31/46,12.09,High Wind Trend Exceeded FPI,Dec,4-14,PSPS
DONLON,SCE Orchard/2 Rd,19.7,50.4,31/46,12.95,Exceeded Threshold Exceeded FPI,Dec,4-14,PSPS
FERRARA,SCE San Antonio Canyon,15.2,39.6,31/46,14.2,High Wind Trend Exceeded FPI,Dec,4-14,PSPS
CAMP BALDY,SCE San Antonio Canyon,15.2,39.6,31/46,13.2,High Wind Trend Exceeded FPI,Dec,4-14,PSPS
ICE HOUSE,SCE San Antonio Canyon,15.2,39.6,31/46,12.34,High Wind Trend Exceeded FPI,Dec,4-14,PSPS
STORES,SCE Garcia Rd,29.8,45.8,31/46,14.44,High Wind Trend Exceeded FPI,Dec,4-14,PSPS
SANTORINI,SCE Cucamonga Canyon,22.3,41.8,31/42,12.88,High Wind Trend Exceeded FPI,Dec,4-14,PSPS
STUBBY,SCE Mias Canyon,27.6,47.7,31/46,14.43,Exceeded Threshold Exceeded FPI,Dec,4-14,PSPS
WINERY,SCE Weber Valley,21.3,40,29/42,14.45,High Wind Trend Exceeded FPI,Dec,4-14,PSPS
ECHO,SCE Arrowhead Springs Rd,24.4,44.4,31/46,14.36,High Wind Trend Exceeded FPI,Dec,4-14,PSPS
SUTT,SCE Arrowhead Springs Rd,25,44.4,31/46,14.36,High Wind Trend Exceeded FPI,Dec,4-14,PSPS
FOOTHILL,SCE San Dimas Reservoir,23.7,34.3,26/36,12.92,High Wind Trend Exceeded FPI,Dec,4-14,PSPS
ECHO,SCE Arrowhead Springs Rd,26,43.3,31/46,14.36,High Wind Trend Exceeded FPI,Dec,4-14,PSPS
GUNSITE,SCE Mias Canyon,27.6,47.7,31/46,12.13,Exceeded Threshold Exceeded FPI,Dec,4-14,PSPS
IMPALA,SCE Lytle Creek Rd,25.7,57.4,31/46,12.78,Exceeded Threshold Exceeded FPI,Dec,4-14,PSPS
NAPA,SCE Vector Sherman Rd,24.6,40.3,28/39,12,Exceeded Threshold Exceeded FPI,Dec,4-14,PSPS
ALOLA #2,SCE E Fork Mias Canyon,13.9,40.9,31/44,14.28,High Wind Trend Exceeded FPI,Dec,4-14,PSPS
SNOW VALLEY,SCE Running Springs,21.3,50.3,31/46,12.17,Exceeded Threshold Exceeded FPI,Dec,4-14,PSPS
SAND CANYON,SCE Oak Spring Canyon,23,38.3,31/46,12.98,High Wind Trend Exceeded FPI,Dec,4-14,PSPS
STORES,SCE Malki/1 Rd,26.3,44.1,31/46,14.44,High Wind Trend Exceeded FPI,Dec,4-14,PSPS
JONAGOLD,SCE Union St,14.6,42.2,28/39,12,Exceeded Threshold Exceeded FPI,Dec,4-14,PSPS
NAPOLEON,SCE High St,23.7,44.6,31/45,12.98,High Wind Trend Exceeded FPI,Dec,4-14,PSPS
CUTHBERT,SCE Escondido Canyon,29,40.2,31/46,12,High Wind Trend Exceeded FPI,Dec,4-14,PSPS
METTLER,SCE Golden Hills Blvd,20.3,33.3,23/37,12,High Wind Trend Exceeded FPI,Dec,4-14,PSPS
CALSTATE,SCE Devil Canyon,39.7,50.6,31/46,12.79,Exceeded Threshold Exceeded FPI,Dec,4-14,PSPS
OAK GLEN,SCE Pine Bench Rd,15.1,42.6,27/41,13.35,Exceeded Threshold Exceeded FPI,Dec,4-14,PSPS
CONDOR,SCE Bear Mountain 2,27.2,41.9,31/46,13.51,High Wind Trend Exceeded FPI,Dec,4-14,PSPS
SHOVEL,SCE Acton,22.8,33.5,25/40,13.53,High Wind Trend Exceeded FPI,Dec,4-14,PSPS
TUFA,SCE BODIE STATE PARK,29.7,36.6,31/46,13.94,High Wind Trend Exceeded FPI,Dec,4-14,PSPS
